{"cameraMode":{"drawMode":0,"name":"Shaded","section":"Shading Mode"},"sceneLighting":false,"audioPlay":false,"sceneViewState":{"m_AlwaysRefresh":false,"showFog":true,"showSkybox":false,"showFlares":true,"showImageEffects":true,"showParticleSystems":true,"showVisualEffectGraphs":true,"m_FxEnabled":true},"in2DMode":false,"pivot":{"x":0.24189534783363343,"y":0.1480400562286377,"z":2.2177796363830568},"rotation":{"x":0.09346409142017365,"y":0.07906641066074372,"z":-0.007446156349033117,"w":0.992450475692749},"size":0.7943955659866333,"orthographic":false}