{"cameraMode":{"drawMode":0,"name":"Shaded","section":"Shading Mode"},"sceneLighting":true,"audioPlay":false,"sceneViewState":{"m_AlwaysRefresh":false,"showFog":true,"showSkybox":true,"showFlares":true,"showImageEffects":true,"showParticleSystems":true,"showVisualEffectGraphs":true,"m_FxEnabled":true},"in2DMode":false,"pivot":{"x":-5.049893856048584,"y":-0.32130002975463869,"z":3.3466334342956545},"rotation":{"x":0.24463577568531037,"y":0.20324937999248506,"z":-0.05252596363425255,"w":0.9466174244880676},"size":6.971088409423828,"orthographic":false}