{"cameraMode":{"drawMode":0,"name":"Shaded","section":"Shading Mode"},"sceneLighting":true,"audioPlay":false,"sceneViewState":{"m_AlwaysRefresh":false,"showFog":true,"showSkybox":true,"showFlares":true,"showImageEffects":true,"showParticleSystems":true,"showVisualEffectGraphs":true,"m_FxEnabled":true},"in2DMode":false,"pivot":{"x":-0.41529202461242678,"y":-5.475679397583008,"z":6.397946357727051},"rotation":{"x":0.37916624546051028,"y":-0.09109402447938919,"z":0.037538085132837298,"w":0.9200709462165833},"size":8.609078407287598,"orthographic":false}